Aberdeen,Aberdeenshire,Scotland
Alford,Aberdeenshire,Scotland
Ballater,Aberdeenshire,Scotland
Banchory,Aberdeenshire,Scotland
Banff,Aberdeenshire,Scotland
Banff and Macduff,Aberdeenshire,Scotland
Blackburn,Aberdeenshire,Scotland
Boddam,Aberdeenshire,Scotland
Clerkhill,Aberdeenshire,Scotland
Ellon,Aberdeenshire,Scotland
Fraserburgh,Aberdeenshire,Scotland
Huntly,Aberdeenshire,Scotland
Insch,Aberdeenshire,Scotland
Inverbervie,Aberdeenshire,Scotland
Inverurie,Aberdeenshire,Scotland
Kemnay,Aberdeenshire,Scotland
Kintore,Aberdeenshire,Scotland
Laurencekirk,Aberdeenshire,Scotland
Macduff,Aberdeenshire,Scotland
Maud,Aberdeenshire,Scotland
Oldmeldrum,Aberdeenshire,Scotland
Peterhead,Aberdeenshire,Scotland
Portlethen,Aberdeenshire,Scotland
Portsoy,Aberdeenshire,Scotland
Red Cloak,Aberdeenshire,Scotland
Rosehearty,Aberdeenshire,Scotland
Stonehaven,Aberdeenshire,Scotland
Turriff,Aberdeenshire,Scotland
Westhill,Aberdeenshire,Scotland
Arbroath,Angus,Scotland
Brechin,Angus,Scotland
Carnoustie,Angus,Scotland
Forfar,Angus,Scotland
Kirriemuir,Angus,Scotland
Monifieth,Angus,Scotland
Montrose,Angus,Scotland
Alloa,Clackmannanshire,Scotland
Alva,Clackmannanshire,Scotland
Clackmannan,Clackmannanshire,Scotland
Dollar,Clackmannanshire,Scotland
Menstrie,Clackmannanshire,Scotland
Tillicoultry,Clackmannanshire,Scotland
Tullibody,Clackmannanshire,Scotland
Annan,Dumfries and Galloway,Scotland
Castle Douglas,Dumfries and Galloway,Scotland
Dalbeattie,Dumfries and Galloway,Scotland
Dumfries,Dumfries and Galloway,Scotland
Gatehouse of Fleet,Dumfries and Galloway,Scotland
Gretna,Dumfries and Galloway,Scotland
Kelloholm,Dumfries and Galloway,Scotland
Kirkconnel,Dumfries and Galloway,Scotland
Kirkcudbright,Dumfries and Galloway,Scotland
Langholm,Dumfries and Galloway,Scotland
Lochmaben,Dumfries and Galloway,Scotland
Lockerbie,Dumfries and Galloway,Scotland
Moffat,Dumfries and Galloway,Scotland
Monreith,Dumfries and Galloway,Scotland
Newbridge Drive,Dumfries and Galloway,Scotland
Newton Stewart,Dumfries and Galloway,Scotland
Sanquhar,Dumfries and Galloway,Scotland
Stranraer,Dumfries and Galloway,Scotland
Thornhill,Dumfries and Galloway,Scotland
Wigtown,Dumfries and Galloway,Scotland
Dundee,Dundee,Scotland
Cockenzie and Port Seton,East Lothian,Scotland
Dunbar,East Lothian,Scotland
Haddington,East Lothian,Scotland
Musselburgh,East Lothian,Scotland
North Berwick,East Lothian,Scotland
Prestonpans,East Lothian,Scotland
Tranent,East Lothian,Scotland
Edinburgh?,Edinburgh?,Scotland
Airth,Falkirk,Scotland
Boness,Falkirk,Scotland
Bonnybridge,Falkirk,Scotland
Borrowstounness,Falkirk,Scotland
Carron,Falkirk,Scotland
Denny,Falkirk,Scotland
Duniplace,Falkirk,Scotland
Dunmore,Falkirk,Scotland
Falkirk,Falkirk,Scotland
Grahamston,Falkirk,Scotland
Grangemouth,Falkirk,Scotland
Larbert,Falkirk,Scotland
Stenhousemuir,Falkirk,Scotland
Anstruther,Fife,Scotland
Auchtermuchty,Fife,Scotland
Balcurvie,Fife,Scotland
Ballingry,Fife,Scotland
Benarty,Fife,Scotland
Buckhaven,Fife,Scotland
Burntisland,Fife,Scotland
Collydean,Fife,Scotland
Cowdenbeath,Fife,Scotland
Crail,Fife,Scotland
Cupar,Fife,Scotland
Dalgety Bay,Fife,Scotland
Dunfermline,Fife,Scotland
Dysart,Fife,Scotland
East Wemyss,Fife,Scotland
Falkland,Fife,Scotland
Glenrothes,Fife,Scotland
Inverkeithing,Fife,Scotland
Kelty,Fife,Scotland
Kincardine,Fife,Scotland
Kinghorn,Fife,Scotland
Kinglassie,Fife,Scotland
Kirkcaldy,Fife,Scotland
Ladybank,Fife,Scotland
Letham,Fife,Scotland
Leuchars,Fife,Scotland
Leven,Fife,Scotland
Levenmouth,Fife,Scotland
Lochgelly,Fife,Scotland
Markinch,Fife,Scotland
Methil,Fife,Scotland
Newburgh,Fife,Scotland
Newport on Tay,Fife,Scotland
North Queensferry,Fife,Scotland
Pitcoudie,Fife,Scotland
Pittenweem,Fife,Scotland
Rosyth,Fife,Scotland
St Andrews,Fife,Scotland
St Monans,Fife,Scotland
Tayport,Fife,Scotland
Woodhaven,Fife,Scotland
Wormit,Fife,Scotland
Alness,Highlands,Scotland
Aviemore,Highlands,Scotland
Brora,Highlands,Scotland
Cromarty,Highlands,Scotland
Dingwall,Highlands,Scotland
Dornoch,Highlands,Scotland
Fort William,Highlands,Scotland
Fortrose,Highlands,Scotland
Grantown on Spey,Highlands,Scotland
Invergordon,Highlands,Scotland
Inverlochy,Highlands,Scotland
Inverness,Highlands,Scotland
Kingussie,Highlands,Scotland
Mallaig,Highlands,Scotland
Nairn,Highlands,Scotland
Portree,Highlands,Scotland
Tain,Highlands,Scotland
Thurso,Highlands,Scotland
Ullapool,Highlands,Scotland
Wick,Highlands,Scotland
Bathgate,Lothian,Scotland
Dalkeith,Lothian,Scotland
Dunbar,Lothian,Scotland
Edinburgh,Lothian,Scotland
Haddington,Lothian,Scotland
Linlithgow,Lothian,Scotland
Loanhead,Lothian,Scotland
Musselburgh,Lothian,Scotland
North Berwick,Lothian,Scotland
Penicuik,Lothian,Scotland
Buckie,Moray,Scotland
Cullen,Moray,Scotland
Dufftown,Moray,Scotland
Elgin,Moray,Scotland
Forres,Moray,Scotland
Keith,Moray,Scotland
Lossiemouth,Moray,Scotland
Aberfeldy,Perth and Kinross,Scotland
Auchterarder,Perth and Kinross,Scotland
Birnam,Perth and Kinross,Scotland
Blackford,Perth and Kinross,Scotland
Blair Atholl,Perth and Kinross,Scotland
Blairgowrie and Rattray,Perth and Kinross,Scotland
Bridge of Earn,Perth and Kinross,Scotland
Bridge of Tilt,Perth and Kinross,Scotland
Comrie,Perth and Kinross,Scotland
Coupar Angus,Perth and Kinross,Scotland
Crieff,Perth and Kinross,Scotland
Kinross,Perth and Kinross,Scotland
Perth,Perth and Kinross,Scotland
Pitlochry,Perth and Kinross,Scotland
Scone,Perth and Kinross,Scotland
Coldstream,Scottish Borders,Scotland
Duns,Scottish Borders,Scotland
Earlston,Scottish Borders,Scotland
Eyemouth,Scottish Borders,Scotland
Galashiels,Scottish Borders,Scotland
Greenlaw,Scottish Borders,Scotland
Hawick,Scottish Borders,Scotland
Innerleithen,Scottish Borders,Scotland
Jedburgh,Scottish Borders,Scotland
Kelso,Scottish Borders,Scotland
Lauder,Scottish Borders,Scotland
Melrose,Scottish Borders,Scotland
Newtown St Boswells,Scottish Borders,Scotland
Peebles,Scottish Borders,Scotland
Selkirk,Scottish Borders,Scotland
Bridge of Allan,Stirlingshire,Scotland
Callander,Stirlingshire,Scotland
Doune,Stirlingshire,Scotland
Dunblane,Stirlingshire,Scotland
Stirling,Stirlingshire,Scotland
Airdrie,Strathclyde,Scotland
Ayr,Strathclyde,Scotland
Barrhead,Strathclyde,Scotland
Bearsden,Strathclyde,Scotland
Bellshill,Strathclyde,Scotland
Biggar,Strathclyde,Scotland
Campbeltown,Strathclyde,Scotland
Carluke,Strathclyde,Scotland
Clydebank,Strathclyde,Scotland
Coatbridge,Strathclyde,Scotland
Cumbernauld,Strathclyde,Scotland
Dumbarton,Strathclyde,Scotland
Dunoon,Strathclyde,Scotland
East Kilbride,Strathclyde,Scotland
Glasgow,Strathclyde,Scotland
Gourock,Strathclyde,Scotland
Greenock,Strathclyde,Scotland
Hamilton,Strathclyde,Scotland
Helensburgh,Strathclyde,Scotland
Inveraray,Strathclyde,Scotland
Irvine,Strathclyde,Scotland
Johnstone,Strathclyde,Scotland
Kilbarchan,Strathclyde,Scotland
Kilmarnock,Strathclyde,Scotland
Kilwinning,Strathclyde,Scotland
Lanark,Strathclyde,Scotland
Largs,Strathclyde,Scotland
Lochgilphead,Strathclyde,Scotland
Maybole,Strathclyde,Scotland
Milngavie,Strathclyde,Scotland
Motherwell,Strathclyde,Scotland
Oban,Strathclyde,Scotland
Paisley,Strathclyde,Scotland
Prestwick,Strathclyde,Scotland
Rothesay,Strathclyde,Scotland
Rutherglen,Strathclyde,Scotland
Saltcoats,Strathclyde,Scotland
Tobermory,Strathclyde,Scotland
Troon,Strathclyde,Scotland
Armadale,West Lothian,Scotland
Ballencrieff,West Lothian,Scotland
Bathgate,West Lothian,Scotland
Blackburn,West Lothian,Scotland
Blackridge,West Lothian,Scotland
Bridgend,West Lothian,Scotland
Broxburn,West Lothian,Scotland
East Calder,West Lothian,Scotland
Linlithgow,West Lothian,Scotland
Livingston,West Lothian,Scotland
Stoneyburn,West Lothian,Scotland
Whitburn,West Lothian,Scotland
Kirkwall,Western Isles,Scotland
Lerwick,Western Isles,Scotland
Stornoway,Western Isles,Scotland
