Antrim,County Antrim,Northern Ireland
Ballycastle,County Antrim,Northern Ireland
Ballyclare,County Antrim,Northern Ireland
Ballymena,County Antrim,Northern Ireland
Ballymoney,County Antrim,Northern Ireland
Bushmills,County Antrim,Northern Ireland
Carrickfergus,County Antrim,Northern Ireland
Crumlin,County Antrim,Northern Ireland
Greenisland,County Antrim,Northern Ireland
Larne,County Antrim,Northern Ireland
Lisburn,County Antrim,Northern Ireland
Merville Garden Village,County Antrim,Northern Ireland
Newtownabbey,County Antrim,Northern Ireland
Portrush,County Antrim,Northern Ireland
Randalstown,County Antrim,Northern Ireland
Armagh,County Armagh,Northern Ireland
Craigavon,County Armagh,Northern Ireland
Lurgan,County Armagh,Northern Ireland
Markethill,County Armagh,Northern Ireland
Newry,County Armagh,Northern Ireland
Portadown,County Armagh,Northern Ireland
Ballynahinch,County Down,Northern Ireland
Banbridge,County Down,Northern Ireland
Bangor,County Down,Northern Ireland
Carryduff,County Down,Northern Ireland
Castlewellan,County Down,Northern Ireland
Comber,County Down,Northern Ireland
Donaghadee,County Down,Northern Ireland
Doromore,County Down,Northern Ireland
Downpatrick,County Down,Northern Ireland
Dundonald,County Down,Northern Ireland
Holywood,County Down,Northern Ireland
Kilkeel,County Down,Northern Ireland
Killyleagh,County Down,Northern Ireland
Lisburn,County Down,Northern Ireland
Newcastle,County Down,Northern Ireland
Newtownards,County Down,Northern Ireland
Portaferry,County Down,Northern Ireland
Rostrevor,County Down,Northern Ireland
Saintfield,County Down,Northern Ireland
Warrenpoint,County Down,Northern Ireland
Enniskillen,County Fermanagh,Northern Ireland
Lisnaskea,County Fermanagh,Northern Ireland
Coleraine,County Londonderry,Northern Ireland
Derry,County Londonderry,Northern Ireland
Limavady,County Londonderry,Northern Ireland
Magherafelt,County Londonderry,Northern Ireland
Portstewart,County Londonderry,Northern Ireland
Castlederg,County Tyrone,Northern Ireland
Clogher,County Tyrone,Northern Ireland
Coalisland,County Tyrone,Northern Ireland
Cookstown,County Tyrone,Northern Ireland
Dungannon,County Tyrone,Northern Ireland
Fintona,County Tyrone,Northern Ireland
Fivemiletown,County Tyrone,Northern Ireland
Omagh,County Tyrone,Northern Ireland
Strabane,County Tyrone,Northern Ireland
